epiweek,time_value,issue,geo_type,geo_value,sars-cov-2_tests,sars-cov-2_positive_tests,flu_tests,flu_positive_tests,flu_ah1pdm09_positive_tests,flu_ah3_positive_tests,flu_auns_positive_tests,flu_a_positive_tests,flu_b_positive_tests,rsv_tests,rsv_positive_tests,hpiv_tests,hpiv_1_positive_tests,hpiv_2_positive_tests,hpiv_3_positive_tests,hpiv_4_positive_tests,hpiv_other_positive_tests,adv_tests,adv_positive_tests,hmpv_tests,hmpv_positive_tests,ev_rv_tests,ev_rv_positive_tests,hcov_tests,hcov_positive_tests
202338,2023-09-23,2024-09-26,lab,nl,523,69,413,0,0,0,0,0,0,413,0,413.0,2.0,0.0,1.0,3.0,0.0,413.0,9.0,413.0,1.0,413.0,28.0,413.0,2.0
202338,2023-09-23,2024-09-26,lab,pe,139,22,41,0,0,0,0,0,0,41,1,20.0,1.0,0.0,1.0,0.0,0.0,20.0,0.0,20.0,0.0,20.0,7.0,20.0,0.0
202338,2023-09-23,2024-09-26,lab,ns,1198,247,1143,2,0,0,1,1,1,1047,0,44.0,0.0,0.0,0.0,0.0,0.0,44.0,0.0,44.0,0.0,44.0,10.0,44.0,0.0
202338,2023-09-23,2024-09-26,lab,nb,1073,180,645,0,0,0,0,0,0,645,1,99.0,0.0,0.0,0.0,0.0,0.0,99.0,1.0,99.0,0.0,99.0,12.0,99.0,1.0
202338,2023-09-23,2024-09-26,region,atlantic,2933,518,2242,2,0,0,1,1,1,2146,2,576.0,3.0,0.0,2.0,3.0,0.0,576.0,10.0,576.0,1.0,576.0,57.0,576.0,3.0
202338,2023-09-23,2024-09-26,lab,région nord-est,1271,235,1060,0,0,0,0,0,0,465,0,132.0,0.0,0.0,2.0,0.0,0.0,132.0,1.0,121.0,2.0,132.0,21.0,132.0,1.0
202338,2023-09-23,2024-09-26,lab,québec-chaudière-appalaches,1512,288,1109,3,0,0,2,2,1,1109,11,513.0,3.0,0.0,0.0,2.0,0.0,530.0,13.0,515.0,8.0,546.0,77.0,456.0,10.0
202338,2023-09-23,2024-09-26,lab,centre-du-québec,2178,570,694,0,0,0,0,0,0,476,5,29.0,0.0,0.0,0.0,0.0,0.0,29.0,0.0,29.0,0.0,29.0,5.0,30.0,1.0
202338,2023-09-23,2024-09-26,lab,montréal-laval,1882,424,1401,3,0,0,2,2,1,1268,26,746.0,4.0,6.0,4.0,4.0,0.0,746.0,6.0,747.0,1.0,773.0,70.0,746.0,4.0
202338,2023-09-23,2024-09-26,lab,ouest du québec,1262,319,650,2,0,0,2,2,0,650,10,28.0,1.0,0.0,0.0,0.0,0.0,28.0,1.0,28.0,0.0,28.0,10.0,28.0,0.0
202338,2023-09-23,2024-09-26,lab,montérégie,1335,311,1130,1,0,0,1,1,0,1130,5,8.0,0.0,0.0,0.0,0.0,0.0,8.0,0.0,8.0,0.0,15.0,1.0,8.0,0.0
202338,2023-09-23,2024-09-26,region,qc,9440,2147,6044,9,0,0,7,7,2,5098,57,1456.0,8.0,6.0,6.0,6.0,0.0,1473.0,21.0,1448.0,11.0,1523.0,184.0,1400.0,16.0
202338,2023-09-23,2024-09-26,lab,phol - ottawa,148,80,105,0,0,0,0,0,0,105,0,56.0,0.0,0.0,0.0,0.0,4.0,56.0,0.0,56.0,0.0,56.0,3.0,56.0,0.0
202338,2023-09-23,2024-09-26,lab,eorla,802,85,383,0,0,0,0,0,0,383,2,29.0,0.0,0.0,0.0,0.0,0.0,29.0,0.0,29.0,0.0,29.0,6.0,29.0,0.0
202338,2023-09-23,2024-09-26,lab,phol - kingston,260,106,149,0,0,0,0,0,0,149,1,63.0,0.0,0.0,0.0,0.0,0.0,63.0,0.0,63.0,0.0,63.0,0.0,63.0,1.0
202338,2023-09-23,2024-09-26,lab,phol - peterborough,68,35,73,0,0,0,0,0,0,73,2,40.0,0.0,0.0,0.0,0.0,1.0,40.0,0.0,40.0,0.0,40.0,1.0,40.0,1.0
202338,2023-09-23,2024-09-26,lab,phol - toronto,364,84,629,4,6,1,0,4,0,629,0,583.0,0.0,0.0,0.0,0.0,24.0,583.0,6.0,583.0,7.0,583.0,76.0,583.0,3.0
202338,2023-09-23,2024-09-26,lab,uhn / mount sinai hospital,936,79,903,2,0,0,1,1,1,903,0,87.0,0.0,0.0,2.0,1.0,0.0,87.0,0.0,87.0,0.0,87.0,6.0,87.0,0.0
202338,2023-09-23,2024-09-26,lab,sick kids hospital - toronto,83,9,133,0,0,0,0,0,0,133,0,133.0,0.0,3.0,0.0,0.0,0.0,133.0,2.0,133.0,0.0,133.0,18.0,133.0,0.0
202338,2023-09-23,2024-09-26,lab,shared hospital laboratory,1427,164,1006,2,1,0,1,2,0,1006,4,980.0,0.0,0.0,0.0,0.0,11.0,980.0,2.0,1004.0,0.0,1004.0,39.0,1004.0,1.0
202338,2023-09-23,2024-09-26,lab,phol - hamilton,48,10,46,7,0,7,0,7,0,46,0,40.0,0.0,0.0,0.0,0.0,1.0,40.0,1.0,40.0,0.0,40.0,5.0,40.0,0.0
202338,2023-09-23,2024-09-26,lab,st. joseph's - hamilton,1443,148,1341,4,0,0,4,4,0,1341,3,1341.0,0.0,0.0,3.0,0.0,0.0,1341.0,0.0,1341.0,0.0,1341.0,75.0,0.0,0.0
202338,2023-09-23,2024-09-26,lab,phol - london,231,86,221,0,0,0,0,0,0,221,0,185.0,0.0,0.0,0.0,0.0,3.0,185.0,1.0,185.0,0.0,185.0,11.0,185.0,1.0
202338,2023-09-23,2024-09-26,lab,st. joseph's - london,490,77,69,1,0,0,0,0,1,69,1,68.0,0.0,0.0,0.0,0.0,0.0,68.0,1.0,68.0,0.0,68.0,6.0,68.0,1.0
202338,2023-09-23,2024-09-26,lab,phol - orillia,21,13,16,0,0,0,0,0,0,16,0,15.0,0.0,0.0,0.0,0.0,0.0,15.0,0.0,15.0,0.0,15.0,2.0,15.0,0.0
202338,2023-09-23,2024-09-26,lab,phol - sudbury,11,1,16,0,0,0,0,0,0,16,0,11.0,0.0,0.0,0.0,0.0,0.0,11.0,0.0,11.0,0.0,11.0,1.0,11.0,0.0
202338,2023-09-23,2024-09-26,lab,phol - timmins,28,4,25,0,0,0,0,0,0,25,0,10.0,0.0,0.0,0.0,0.0,0.0,10.0,1.0,10.0,0.0,10.0,1.0,10.0,0.0
202338,2023-09-23,2024-09-26,lab,phol - sault ste. marie,3,0,5,0,0,0,0,0,0,5,0,5.0,0.0,0.0,0.0,0.0,1.0,5.0,0.0,5.0,0.0,5.0,0.0,5.0,0.0
202338,2023-09-23,2024-09-26,lab,sault area hospital,76,8,64,0,0,0,0,0,0,64,0,56.0,0.0,0.0,0.0,1.0,0.0,56.0,0.0,56.0,0.0,56.0,3.0,56.0,0.0
202338,2023-09-23,2024-09-26,lab,phol - thunder bay,20,6,21,0,0,0,0,0,0,21,0,21.0,0.0,0.0,0.0,0.0,2.0,21.0,0.0,21.0,0.0,21.0,1.0,21.0,0.0
202338,2023-09-23,2024-09-26,region,on,6459,995,5205,20,7,8,6,18,2,5205,13,3723.0,0.0,3.0,5.0,2.0,47.0,3723.0,14.0,3747.0,7.0,3747.0,254.0,2406.0,8.0
202338,2023-09-23,2024-09-26,lab,mb,1095,188,321,0,0,0,0,0,0,321,1,43.0,1.0,0.0,2.0,0.0,0.0,43.0,1.0,83.0,0.0,43.0,11.0,83.0,0.0
202338,2023-09-23,2024-09-26,lab,sk,1091,131,868,32,14,0,17,31,1,776,2,322.0,0.0,1.0,0.0,1.0,0.0,322.0,10.0,322.0,1.0,322.0,43.0,322.0,0.0
202338,2023-09-23,2024-09-26,lab,ab,3142,321,939,8,5,3,0,8,0,852,1,852.0,3.0,4.0,1.0,1.0,0.0,852.0,9.0,791.0,1.0,846.0,119.0,852.0,3.0
202338,2023-09-23,2024-09-26,region,prairies,5328,640,2128,40,19,3,17,39,1,1949,4,1217.0,4.0,5.0,3.0,2.0,0.0,1217.0,20.0,1196.0,2.0,1211.0,173.0,1257.0,3.0
202338,2023-09-23,2024-09-26,region,bc,2571,484,2517,35,11,2,2,34,1,2517,12,621.0,3.0,0.0,5.0,1.0,0.0,621.0,2.0,621.0,9.0,617.0,55.0,617.0,1.0
202338,2023-09-23,2024-09-26,lab,yk,46,10,24,0,0,0,0,0,0,24,0,,,,,,,,,,,,,,
202338,2023-09-23,2024-09-26,lab,nt,26,8,26,0,0,0,0,0,0,26,0,,,,,,,26.0,0.0,26.0,0.0,26.0,11.0,,
202338,2023-09-23,2024-09-26,lab,nu,107,5,82,0,0,0,0,0,0,82,0,,,,,,,,,,,,,,
202338,2023-09-23,2024-09-26,region,territories,179,23,132,0,0,0,0,0,0,132,0,,,,,,,26.0,0.0,26.0,0.0,26.0,11.0,,
202338,2023-09-23,2024-09-26,nation,ca,26910,4807,18268,106,37,13,33,99,7,17047,88,7593.0,18.0,14.0,21.0,14.0,47.0,7636.0,67.0,7614.0,30.0,7700.0,734.0,6256.0,31.0
202338,2023-09-23,2024-09-26,lab,nl,511,74,417,0,0,0,0,0,0,417,0,417.0,3.0,0.0,0.0,4.0,0.0,417.0,4.0,417.0,2.0,417.0,46.0,417.0,1.0
202338,2023-09-23,2024-09-26,lab,pe,123,25,38,0,0,0,0,0,0,38,0,11.0,0.0,0.0,0.0,0.0,0.0,11.0,1.0,11.0,0.0,11.0,4.0,11.0,0.0
202338,2023-09-23,2024-09-26,lab,ns,1205,228,1162,2,0,0,2,2,0,1115,0,44.0,0.0,0.0,0.0,0.0,0.0,44.0,0.0,44.0,0.0,44.0,7.0,44.0,0.0
202338,2023-09-23,2024-09-26,lab,nb,1064,176,648,0,0,0,0,0,0,648,0,105.0,0.0,0.0,0.0,0.0,0.0,105.0,3.0,105.0,0.0,105.0,16.0,105.0,1.0
202338,2023-09-23,2024-09-26,region,atlantic,2903,503,2265,2,0,0,2,2,0,2218,0,577.0,3.0,0.0,0.0,4.0,0.0,577.0,8.0,577.0,2.0,577.0,73.0,577.0,2.0
202338,2023-09-23,2024-09-26,lab,région nord-est,1322,271,1140,1,0,0,1,1,0,472,4,112.0,0.0,0.0,1.0,1.0,0.0,112.0,2.0,98.0,1.0,112.0,24.0,112.0,1.0
202338,2023-09-23,2024-09-26,lab,québec-chaudière-appalaches,1436,286,1064,8,0,0,4,4,4,1063,20,507.0,3.0,1.0,0.0,1.0,0.0,524.0,12.0,507.0,0.0,529.0,82.0,433.0,15.0
202338,2023-09-23,2024-09-26,lab,centre-du-québec,2251,572,806,1,0,0,1,1,0,589,11,38.0,0.0,1.0,0.0,0.0,0.0,38.0,1.0,38.0,0.0,38.0,8.0,40.0,1.0
202338,2023-09-23,2024-09-26,lab,montréal-laval,1911,377,1390,10,0,0,10,10,0,1230,12,720.0,7.0,2.0,3.0,2.0,0.0,720.0,7.0,724.0,2.0,750.0,66.0,720.0,4.0
202338,2023-09-23,2024-09-26,lab,ouest du québec,1397,334,647,2,0,0,2,2,0,646,3,29.0,0.0,1.0,0.0,0.0,0.0,29.0,0.0,29.0,0.0,26.0,7.0,29.0,0.0
202338,2023-09-23,2024-09-26,lab,montérégie,1416,340,1031,0,0,0,0,0,0,1030,10,6.0,0.0,0.0,0.0,0.0,0.0,6.0,0.0,6.0,0.0,14.0,1.0,6.0,0.0
202338,2023-09-23,2024-09-26,region,qc,9733,2180,6078,22,0,0,18,18,4,5030,60,1412.0,10.0,5.0,4.0,4.0,0.0,1429.0,22.0,1402.0,3.0,1469.0,188.0,1340.0,21.0
202338,2023-09-23,2024-09-26,lab,phol - ottawa,115,52,123,0,0,0,0,0,0,123,0,92.0,0.0,0.0,0.0,0.0,4.0,92.0,0.0,92.0,1.0,92.0,3.0,92.0,2.0
202338,2023-09-23,2024-09-26,lab,eorla,682,82,425,1,0,0,1,1,0,425,1,58.0,1.0,0.0,2.0,0.0,0.0,58.0,1.0,58.0,0.0,58.0,8.0,58.0,1.0
202338,2023-09-23,2024-09-26,lab,phol - kingston,201,129,105,0,0,0,0,0,0,105,0,67.0,0.0,0.0,0.0,0.0,0.0,67.0,0.0,67.0,0.0,67.0,0.0,67.0,0.0
202338,2023-09-23,2024-09-26,lab,phol - peterborough,54,29,93,3,1,1,1,3,0,93,2,58.0,0.0,0.0,0.0,0.0,1.0,58.0,1.0,58.0,0.0,58.0,4.0,58.0,0.0
202338,2023-09-23,2024-09-26,lab,phol - toronto,372,121,642,0,2,1,0,0,0,643,0,571.0,0.0,0.0,0.0,0.0,29.0,571.0,4.0,570.0,5.0,571.0,55.0,570.0,3.0
202338,2023-09-23,2024-09-26,lab,uhn / mount sinai hospital,867,96,831,2,0,0,2,2,0,831,0,55.0,0.0,0.0,0.0,0.0,0.0,55.0,0.0,55.0,0.0,55.0,3.0,55.0,0.0
202338,2023-09-23,2024-09-26,lab,sick kids hospital - toronto,83,1,119,0,0,0,0,0,0,119,2,119.0,0.0,3.0,3.0,1.0,0.0,119.0,3.0,119.0,0.0,119.0,28.0,119.0,0.0
202338,2023-09-23,2024-09-26,lab,shared hospital laboratory,1193,109,902,1,0,1,0,1,0,904,4,872.0,0.0,0.0,0.0,0.0,6.0,871.0,2.0,897.0,2.0,897.0,32.0,896.0,1.0
202338,2023-09-23,2024-09-26,lab,phol - hamilton,51,31,69,0,0,0,0,0,0,69,0,62.0,0.0,0.0,0.0,0.0,2.0,62.0,3.0,62.0,0.0,62.0,7.0,62.0,0.0
202338,2023-09-23,2024-09-26,lab,st. joseph's - hamilton,1319,121,1257,1,0,0,1,1,0,1257,4,1257.0,0.0,0.0,7.0,0.0,0.0,1257.0,1.0,1257.0,1.0,1257.0,70.0,0.0,0.0
202338,2023-09-23,2024-09-26,lab,phol - london,197,80,181,1,0,1,0,1,0,181,0,151.0,0.0,0.0,0.0,0.0,4.0,151.0,0.0,151.0,0.0,151.0,6.0,151.0,1.0
202338,2023-09-23,2024-09-26,lab,st. joseph's - london,549,80,48,0,0,0,0,0,0,48,0,49.0,0.0,0.0,0.0,0.0,0.0,49.0,0.0,49.0,0.0,49.0,3.0,49.0,0.0
202338,2023-09-23,2024-09-26,lab,phol - orillia,5,4,10,0,0,0,0,0,0,10,0,10.0,0.0,0.0,0.0,0.0,0.0,10.0,0.0,10.0,0.0,10.0,0.0,10.0,0.0
202338,2023-09-23,2024-09-26,lab,phol - sudbury,9,4,10,0,0,0,0,0,0,10,0,7.0,0.0,0.0,0.0,0.0,0.0,7.0,0.0,7.0,0.0,7.0,0.0,7.0,1.0
202338,2023-09-23,2024-09-26,lab,phol - timmins,22,4,22,0,0,0,0,0,0,22,0,17.0,0.0,0.0,0.0,0.0,0.0,17.0,0.0,17.0,0.0,17.0,1.0,17.0,0.0
202338,2023-09-23,2024-09-26,lab,phol - sault ste. marie,1,0,3,0,0,0,0,0,0,3,0,3.0,0.0,0.0,0.0,0.0,0.0,3.0,0.0,3.0,0.0,3.0,0.0,3.0,0.0
202338,2023-09-23,2024-09-26,lab,sault area hospital,62,3,56,0,0,0,0,0,0,56,0,53.0,0.0,0.0,0.0,0.0,0.0,53.0,0.0,53.0,0.0,53.0,5.0,53.0,0.0
202338,2023-09-23,2024-09-26,lab,phol - thunder bay,31,10,33,0,0,0,0,0,0,33,0,31.0,0.0,0.0,0.0,0.0,5.0,31.0,0.0,31.0,0.0,31.0,0.0,31.0,0.0
202338,2023-09-23,2024-09-26,region,on,5813,956,4929,9,3,4,5,9,0,4932,13,3532.0,1.0,3.0,12.0,1.0,51.0,3531.0,15.0,3556.0,9.0,3557.0,225.0,2298.0,9.0
202338,2023-09-23,2024-09-26,lab,mb,1136,215,414,1,0,0,1,1,0,414,0,78.0,3.0,0.0,1.0,2.0,0.0,78.0,2.0,97.0,0.0,78.0,25.0,97.0,0.0
202338,2023-09-23,2024-09-26,lab,sk,1140,151,828,7,0,0,5,5,2,759,1,322.0,1.0,1.0,0.0,1.0,0.0,322.0,3.0,322.0,0.0,322.0,60.0,322.0,2.0
202338,2023-09-23,2024-09-26,lab,ab,3291,394,1019,5,4,1,0,5,0,896,1,896.0,2.0,3.0,3.0,0.0,0.0,894.0,7.0,843.0,0.0,885.0,99.0,896.0,2.0
202338,2023-09-23,2024-09-26,region,prairies,5567,760,2261,13,4,1,6,11,2,2069,2,1296.0,6.0,4.0,4.0,3.0,0.0,1294.0,12.0,1262.0,0.0,1285.0,184.0,1315.0,4.0
202338,2023-09-23,2024-09-26,region,bc,2807,535,2683,41,16,6,3,41,0,2709,2,715.0,1.0,1.0,3.0,7.0,0.0,715.0,9.0,715.0,4.0,712.0,86.0,712.0,0.0
202338,2023-09-23,2024-09-26,lab,yk,33,6,24,0,0,0,0,0,0,24,0,,,,,,,,,,,,,,
202338,2023-09-23,2024-09-26,lab,nt,42,10,42,0,0,0,0,0,0,42,0,,,,,,,42.0,0.0,42.0,0.0,42.0,16.0,,
202338,2023-09-23,2024-09-26,lab,nu,91,5,80,1,0,1,0,1,0,80,0,,,,,,,,,,,,,,
202338,2023-09-23,2024-09-26,region,territories,166,21,146,1,0,1,0,1,0,146,0,,,,,,,42.0,0.0,42.0,0.0,42.0,16.0,,
202338,2023-09-23,2024-09-26,nation,ca,26989,4955,18362,88,23,12,34,82,6,17104,77,7532.0,21.0,13.0,23.0,19.0,51.0,7588.0,66.0,7554.0,18.0,7642.0,772.0,6242.0,36.0
202338,2023-09-23,2024-09-26,lab,nl,566,89,478,0,0,0,0,0,0,478,0,478.0,0.0,0.0,0.0,8.0,0.0,478.0,6.0,478.0,1.0,478.0,74.0,478.0,0.0
202338,2023-09-23,2024-09-26,lab,pe,130,16,42,0,0,0,0,0,0,42,0,16.0,0.0,0.0,0.0,0.0,0.0,16.0,1.0,16.0,0.0,16.0,7.0,16.0,1.0
202338,2023-09-23,2024-09-26,lab,ns,1331,239,1258,1,0,0,1,1,0,1171,1,54.0,0.0,0.0,0.0,0.0,0.0,54.0,2.0,54.0,0.0,54.0,14.0,64.0,0.0
202338,2023-09-23,2024-09-26,lab,nb,1158,198,776,0,0,0,0,0,0,776,0,150.0,0.0,0.0,0.0,0.0,0.0,150.0,3.0,150.0,0.0,150.0,26.0,150.0,3.0
202338,2023-09-23,2024-09-26,region,atlantic,3185,542,2554,1,0,0,1,1,0,2467,1,698.0,0.0,0.0,0.0,8.0,0.0,698.0,12.0,698.0,1.0,698.0,121.0,708.0,4.0
202338,2023-09-23,2024-09-26,lab,région nord-est,1647,369,1398,0,0,0,0,0,0,590,1,117.0,1.0,1.0,0.0,0.0,0.0,117.0,2.0,110.0,0.0,117.0,28.0,117.0,1.0
202338,2023-09-23,2024-09-26,lab,québec-chaudière-appalaches,1784,344,1182,3,0,0,1,1,2,1182,6,595.0,0.0,1.0,0.0,0.0,0.0,609.0,9.0,595.0,1.0,620.0,114.0,538.0,10.0
202338,2023-09-23,2024-09-26,lab,centre-du-québec,2125,520,787,0,0,0,0,0,0,563,16,34.0,0.0,0.0,0.0,1.0,0.0,34.0,1.0,34.0,0.0,34.0,9.0,37.0,2.0
202338,2023-09-23,2024-09-26,lab,montréal-laval,2146,405,1496,3,0,0,3,3,0,1313,27,821.0,8.0,6.0,4.0,1.0,0.0,821.0,4.0,821.0,0.0,851.0,93.0,821.0,9.0
202338,2023-09-23,2024-09-26,lab,ouest du québec,1589,406,770,4,0,0,3,3,1,770,7,18.0,0.0,0.0,0.0,0.0,0.0,18.0,1.0,18.0,0.0,18.0,7.0,18.0,1.0
202338,2023-09-23,2024-09-26,lab,montérégie,1559,372,1267,0,0,0,0,0,0,1267,17,2.0,0.0,0.0,0.0,0.0,0.0,2.0,0.0,2.0,0.0,10.0,0.0,2.0,0.0
202338,2023-09-23,2024-09-26,region,qc,10850,2416,6900,10,0,0,7,7,3,5685,74,1587.0,9.0,8.0,4.0,2.0,0.0,1601.0,17.0,1580.0,1.0,1650.0,251.0,1533.0,23.0
202338,2023-09-23,2024-09-26,lab,phol - ottawa,196,85,116,1,0,1,0,1,0,116,0,79.0,0.0,0.0,0.0,0.0,6.0,79.0,0.0,79.0,0.0,79.0,6.0,79.0,0.0
202338,2023-09-23,2024-09-26,lab,eorla,777,93,469,0,0,0,0,0,0,469,7,39.0,0.0,0.0,0.0,0.0,0.0,39.0,0.0,39.0,0.0,39.0,6.0,39.0,0.0
202338,2023-09-23,2024-09-26,lab,phol - kingston,217,86,100,0,0,0,0,0,0,100,0,64.0,0.0,0.0,0.0,0.0,0.0,64.0,0.0,64.0,0.0,64.0,20.0,64.0,0.0
202338,2023-09-23,2024-09-26,lab,phol - peterborough,48,19,86,0,0,0,0,0,0,86,2,52.0,0.0,0.0,0.0,0.0,1.0,52.0,0.0,52.0,0.0,52.0,5.0,52.0,0.0
202338,2023-09-23,2024-09-26,lab,phol - toronto,671,228,822,2,3,4,0,2,0,822,0,710.0,0.0,0.0,0.0,0.0,19.0,710.0,4.0,710.0,1.0,710.0,95.0,710.0,6.0
202338,2023-09-23,2024-09-26,lab,uhn / mount sinai hospital,896,84,761,1,0,0,1,1,0,761,1,68.0,1.0,1.0,1.0,0.0,0.0,68.0,0.0,68.0,0.0,68.0,4.0,68.0,0.0
202338,2023-09-23,2024-09-26,lab,sick kids hospital - toronto,169,13,159,0,0,0,0,0,0,159,1,159.0,1.0,2.0,0.0,0.0,0.0,159.0,1.0,159.0,0.0,159.0,38.0,159.0,0.0
202338,2023-09-23,2024-09-26,lab,shared hospital laboratory,1293,148,976,6,4,1,1,6,0,977,8,953.0,0.0,0.0,0.0,0.0,9.0,953.0,3.0,976.0,1.0,976.0,68.0,976.0,1.0
202338,2023-09-23,2024-09-26,lab,phol - hamilton,123,53,137,0,0,0,0,0,0,137,0,93.0,0.0,0.0,0.0,0.0,5.0,93.0,0.0,93.0,1.0,93.0,11.0,93.0,0.0
202338,2023-09-23,2024-09-26,lab,st. joseph's - hamilton,1526,176,1383,8,0,0,8,8,0,1383,6,1383.0,0.0,0.0,0.0,0.0,0.0,1383.0,5.0,1383.0,2.0,1383.0,121.0,0.0,0.0
202338,2023-09-23,2024-09-26,lab,phol - london,400,165,397,0,0,1,0,0,0,397,0,330.0,0.0,0.0,0.0,0.0,4.0,330.0,3.0,330.0,0.0,330.0,28.0,330.0,1.0
202338,2023-09-23,2024-09-26,lab,st. joseph's - london,577,98,56,1,0,0,1,1,0,56,0,56.0,0.0,0.0,0.0,0.0,0.0,56.0,1.0,56.0,1.0,56.0,6.0,46.0,1.0
202338,2023-09-23,2024-09-26,lab,phol - orillia,25,18,20,0,0,0,0,0,0,20,0,9.0,0.0,0.0,0.0,0.0,0.0,9.0,0.0,9.0,0.0,9.0,2.0,9.0,0.0
202338,2023-09-23,2024-09-26,lab,phol - sudbury,8,4,9,0,0,0,0,0,0,9,0,6.0,0.0,0.0,0.0,0.0,0.0,6.0,0.0,6.0,0.0,6.0,0.0,6.0,0.0
202338,2023-09-23,2024-09-26,lab,phol - timmins,37,13,39,0,0,0,0,0,0,39,0,28.0,0.0,0.0,0.0,0.0,2.0,28.0,0.0,28.0,0.0,28.0,5.0,28.0,0.0
202338,2023-09-23,2024-09-26,lab,phol - sault ste. marie,2,0,8,0,0,0,0,0,0,8,0,8.0,0.0,0.0,0.0,0.0,0.0,8.0,0.0,8.0,0.0,8.0,0.0,8.0,0.0
202338,2023-09-23,2024-09-26,lab,sault area hospital,78,5,73,0,0,0,0,0,0,73,0,63.0,0.0,0.0,0.0,0.0,0.0,63.0,0.0,63.0,0.0,63.0,3.0,63.0,1.0
202338,2023-09-23,2024-09-26,lab,phol - thunder bay,46,10,42,0,0,0,0,0,0,42,0,32.0,0.0,0.0,0.0,0.0,0.0,32.0,0.0,32.0,0.0,32.0,2.0,32.0,0.0
202338,2023-09-23,2024-09-26,region,on,7089,1298,5653,19,7,7,11,19,0,5654,25,4132.0,2.0,3.0,1.0,0.0,46.0,4132.0,17.0,4155.0,6.0,4155.0,420.0,2762.0,10.0
202338,2023-09-23,2024-09-26,lab,mb,1118,183,424,3,0,0,3,3,0,424,0,80.0,1.0,0.0,1.0,1.0,0.0,80.0,1.0,100.0,0.0,80.0,21.0,100.0,1.0
202338,2023-09-23,2024-09-26,lab,sk,1305,167,938,9,0,0,7,7,2,847,4,354.0,0.0,3.0,1.0,0.0,0.0,354.0,1.0,354.0,0.0,354.0,53.0,354.0,0.0
202338,2023-09-23,2024-09-26,lab,ab,3571,415,1086,8,5,0,1,6,2,935,3,934.0,3.0,2.0,0.0,0.0,0.0,932.0,9.0,845.0,7.0,912.0,147.0,934.0,4.0
202338,2023-09-23,2024-09-26,region,prairies,5994,765,2448,20,5,0,11,16,4,2206,7,1368.0,4.0,5.0,2.0,1.0,0.0,1366.0,11.0,1299.0,7.0,1346.0,221.0,1388.0,5.0
202338,2023-09-23,2024-09-26,region,bc,2924,552,2832,59,32,2,3,57,2,2826,9,713.0,3.0,2.0,2.0,3.0,0.0,713.0,5.0,713.0,6.0,704.0,110.0,704.0,7.0
202338,2023-09-23,2024-09-26,lab,yk,56,13,43,0,0,0,0,0,0,42,0,,,,,,,,,,,,,,
202338,2023-09-23,2024-09-26,lab,nt,37,7,37,1,1,0,0,1,0,37,0,,,,,,,37.0,0.0,37.0,0.0,37.0,11.0,,
202338,2023-09-23,2024-09-26,lab,nu,97,9,65,1,0,0,0,0,1,65,1,,,,,,,,,,,,,,
202338,2023-09-23,2024-09-26,region,territories,190,29,145,2,1,0,0,1,1,144,1,,,,,,,37.0,0.0,37.0,0.0,37.0,11.0,,
202338,2023-09-23,2024-09-26,nation,ca,30232,5602,20532,111,45,9,33,101,10,18982,117,8498.0,18.0,18.0,9.0,14.0,46.0,8547.0,62.0,8482.0,21.0,8590.0,1134.0,7095.0,49.0
202338,2023-09-23,2024-09-26,lab,nl,775,101,641,0,0,0,0,0,0,641,0,641.0,2.0,0.0,0.0,4.0,0.0,641.0,5.0,641.0,1.0,641.0,150.0,641.0,2.0
202338,2023-09-23,2024-09-26,lab,pe,136,15,42,0,0,0,0,0,0,42,0,11.0,0.0,0.0,0.0,0.0,0.0,11.0,0.0,11.0,0.0,11.0,7.0,11.0,2.0
202338,2023-09-23,2024-09-26,lab,ns,1339,279,1272,1,0,0,1,1,0,1177,0,42.0,0.0,0.0,0.0,0.0,0.0,42.0,0.0,42.0,0.0,42.0,13.0,42.0,1.0
202338,2023-09-23,2024-09-26,lab,nb,1272,204,859,0,0,0,0,0,0,859,0,153.0,0.0,1.0,2.0,1.0,0.0,153.0,5.0,153.0,0.0,153.0,47.0,153.0,5.0
202338,2023-09-23,2024-09-26,region,atlantic,3522,599,2814,1,0,0,1,1,0,2719,0,847.0,2.0,1.0,2.0,5.0,0.0,847.0,10.0,847.0,1.0,847.0,217.0,847.0,10.0
202338,2023-09-23,2024-09-26,lab,région nord-est,1622,349,831,0,0,0,0,0,0,452,1,61.0,0.0,1.0,0.0,1.0,0.0,61.0,0.0,61.0,1.0,61.0,17.0,61.0,0.0
202338,2023-09-23,2024-09-26,lab,québec-chaudière-appalaches,1879,316,1157,3,0,0,0,0,3,1157,12,558.0,1.0,1.0,0.0,1.0,0.0,572.0,8.0,558.0,0.0,585.0,144.0,504.0,17.0
202338,2023-09-23,2024-09-26,lab,centre-du-québec,2378,627,857,4,0,0,4,4,0,616,18,38.0,0.0,1.0,0.0,0.0,0.0,38.0,1.0,38.0,0.0,38.0,13.0,39.0,3.0
202338,2023-09-23,2024-09-26,lab,montréal-laval,2129,390,1504,6,0,0,6,6,0,1357,23,846.0,6.0,7.0,5.0,2.0,0.0,846.0,12.0,850.0,3.0,869.0,134.0,846.0,8.0
202338,2023-09-23,2024-09-26,lab,ouest du québec,1541,475,518,2,0,0,1,1,1,517,6,10.0,1.0,0.0,0.0,0.0,0.0,10.0,0.0,10.0,0.0,10.0,3.0,10.0,0.0
202338,2023-09-23,2024-09-26,lab,montérégie,1715,425,800,0,0,0,0,0,0,799,4,2.0,0.0,0.0,0.0,0.0,0.0,2.0,0.0,2.0,0.0,5.0,1.0,2.0,0.0
202338,2023-09-23,2024-09-26,region,qc,11264,2582,5667,15,0,0,11,11,4,4898,64,1515.0,8.0,10.0,5.0,4.0,0.0,1529.0,21.0,1519.0,4.0,1568.0,312.0,1462.0,28.0
202338,2023-09-23,2024-09-26,lab,phol - ottawa,132,44,106,0,0,0,0,0,0,105,0,71.0,0.0,0.0,0.0,0.0,1.0,71.0,0.0,71.0,0.0,71.0,15.0,71.0,0.0
202338,2023-09-23,2024-09-26,lab,eorla,701,92,437,2,0,0,2,2,0,437,5,48.0,0.0,0.0,0.0,0.0,0.0,48.0,1.0,48.0,0.0,48.0,8.0,48.0,0.0
202338,2023-09-23,2024-09-26,lab,phol - kingston,201,57,105,1,1,0,0,1,0,105,0,66.0,0.0,0.0,0.0,0.0,0.0,66.0,0.0,66.0,0.0,66.0,21.0,66.0,1.0
202338,2023-09-23,2024-09-26,lab,phol - peterborough,97,55,128,1,0,1,0,1,0,128,2,83.0,0.0,0.0,0.0,0.0,1.0,83.0,1.0,83.0,0.0,83.0,24.0,83.0,0.0
202338,2023-09-23,2024-09-26,lab,phol - toronto,762,207,799,3,2,0,0,2,1,799,0,702.0,0.0,0.0,0.0,0.0,12.0,703.0,5.0,702.0,4.0,702.0,159.0,702.0,1.0
202338,2023-09-23,2024-09-26,lab,uhn / mount sinai hospital,872,131,787,2,0,0,2,2,0,787,0,85.0,0.0,0.0,0.0,0.0,0.0,85.0,0.0,85.0,0.0,85.0,5.0,85.0,0.0
202338,2023-09-23,2024-09-26,lab,sick kids hospital - toronto,108,9,124,0,0,0,0,0,0,124,2,124.0,1.0,1.0,0.0,0.0,0.0,124.0,1.0,124.0,0.0,124.0,49.0,124.0,2.0
202338,2023-09-23,2024-09-26,lab,shared hospital laboratory,1360,131,996,2,2,0,0,2,0,997,2,987.0,0.0,0.0,0.0,0.0,15.0,987.0,1.0,995.0,1.0,995.0,84.0,995.0,0.0
202338,2023-09-23,2024-09-26,lab,phol - hamilton,72,24,97,0,0,0,0,0,0,97,0,90.0,0.0,0.0,0.0,0.0,5.0,90.0,2.0,90.0,0.0,90.0,23.0,90.0,0.0
202338,2023-09-23,2024-09-26,lab,st. joseph's - hamilton,1595,209,1423,6,0,0,5,5,1,1423,6,1423.0,0.0,0.0,4.0,0.0,0.0,1423.0,2.0,1423.0,4.0,1423.0,205.0,0.0,0.0
202338,2023-09-23,2024-09-26,lab,phol - london,408,205,330,0,0,0,0,0,0,330,1,247.0,0.0,0.0,0.0,0.0,2.0,248.0,1.0,247.0,1.0,247.0,29.0,247.0,0.0
202338,2023-09-23,2024-09-26,lab,st. joseph's - london,549,82,73,0,0,0,0,0,0,73,2,72.0,0.0,0.0,0.0,0.0,1.0,73.0,1.0,73.0,0.0,73.0,14.0,73.0,0.0
202338,2023-09-23,2024-09-26,lab,phol - orillia,9,2,5,0,0,0,0,0,0,5,0,5.0,0.0,0.0,0.0,0.0,0.0,5.0,0.0,5.0,0.0,5.0,0.0,5.0,0.0
202338,2023-09-23,2024-09-26,lab,phol - sudbury,23,12,26,0,0,0,0,0,0,26,0,15.0,0.0,0.0,0.0,0.0,0.0,15.0,0.0,15.0,0.0,15.0,0.0,15.0,0.0
202338,2023-09-23,2024-09-26,lab,phol - timmins,44,22,44,0,0,0,0,0,0,44,0,25.0,0.0,0.0,0.0,0.0,1.0,25.0,0.0,25.0,0.0,25.0,4.0,25.0,0.0
202338,2023-09-23,2024-09-26,lab,phol - sault ste. marie,7,4,9,0,0,0,0,0,0,9,0,9.0,0.0,0.0,0.0,0.0,0.0,9.0,0.0,9.0,0.0,9.0,0.0,9.0,0.0
202338,2023-09-23,2024-09-26,lab,sault area hospital,79,5,75,0,0,0,0,0,0,75,0,68.0,0.0,0.0,0.0,0.0,0.0,68.0,1.0,68.0,0.0,68.0,11.0,68.0,1.0
202338,2023-09-23,2024-09-26,lab,phol - thunder bay,28,10,28,0,0,0,0,0,0,28,0,25.0,0.0,0.0,0.0,0.0,1.0,25.0,0.0,25.0,0.0,25.0,4.0,25.0,0.0
202338,2023-09-23,2024-09-26,region,on,7047,1301,5592,17,5,1,9,15,2,5592,20,4145.0,1.0,1.0,4.0,0.0,39.0,4148.0,16.0,4154.0,10.0,4154.0,655.0,2731.0,5.0
202338,2023-09-23,2024-09-26,lab,mb,1105,199,290,0,0,0,0,0,0,290,0,67.0,0.0,0.0,1.0,1.0,0.0,67.0,2.0,91.0,0.0,67.0,28.0,91.0,0.0
202338,2023-09-23,2024-09-26,lab,sk,1324,178,947,3,1,0,0,1,2,841,1,371.0,0.0,0.0,0.0,1.0,0.0,371.0,4.0,371.0,1.0,371.0,66.0,371.0,0.0
202338,2023-09-23,2024-09-26,lab,ab,3919,472,939,10,4,2,0,7,3,833,1,833.0,3.0,2.0,2.0,0.0,0.0,833.0,5.0,761.0,0.0,825.0,180.0,833.0,3.0
202338,2023-09-23,2024-09-26,region,prairies,6348,849,2176,13,5,2,0,8,5,1964,2,1271.0,3.0,2.0,3.0,2.0,0.0,1271.0,11.0,1223.0,1.0,1263.0,274.0,1295.0,3.0
202338,2023-09-23,2024-09-26,region,bc,2178,360,2906,60,13,4,0,60,0,2906,12,710.0,7.0,1.0,5.0,3.0,0.0,710.0,2.0,710.0,2.0,702.0,162.0,702.0,3.0
202338,2023-09-23,2024-09-26,lab,yk,50,4,37,0,0,0,0,0,0,37,0,,,,,,,,,,,,,,
202338,2023-09-23,2024-09-26,lab,nt,47,6,45,0,0,0,0,0,0,45,0,,,,,,,45.0,0.0,45.0,0.0,45.0,16.0,,
202338,2023-09-23,2024-09-26,lab,nu,111,10,88,0,0,0,0,0,0,88,0,,,,,,,,,,,,,,
202338,2023-09-23,2024-09-26,region,territories,208,20,170,0,0,0,0,0,0,170,0,,,,,,,45.0,0.0,45.0,0.0,45.0,16.0,,
202338,2023-09-23,2024-09-26,nation,ca,30567,5711,19325,106,23,7,21,95,11,18249,98,8488.0,21.0,15.0,19.0,14.0,39.0,8550.0,60.0,8498.0,18.0,8579.0,1636.0,7037.0,49.0
